symbol,token,name
FACT,1008,FACT
RADHIKAJWE,10343,RADHIKAJWE
FINPIPE,1041,FINPIPE
DYCL,10417,DYCL
SATIN,10453,SATIN
MUTHOOTCAP,10415,MUTHOOTCAP
ARVSMART,10457,ARVSMART
NIFTYBEES,10576,NIFTYBEES
MARKSANS,10579,MARKSANS
MPSLTD,10578,MPSLTD
TCI,10580,TCI
ASAL,10634,ASAL
APTECHT,10755,APTECHT
SYRMA,10793,SYRMA
RADICO,10990,RADICO
INDORAMA,10993,INDORAMA
HARSHA,11162,HARSHA
SHK,11212,SHK
JAIBALAJI,11256,JAIBALAJI
VARDHACRLC,11220,VARDHACRLC
APOLLO,1134,APOLLO
AFFLE,11343,AFFLE
TIPSFILMS,11374,TIPSFILMS
RKFORGE,11411,RKFORGE
BANKBEES,11439,BANKBEES
TCS,11536,TCS
COFORGE,11543,COFORGE
DCI,11566,DCI
TRACXN,11582,TRACXN
HDFCSENSEX,11593,HDFCSENSEX
NEWGEN,1164,NEWGEN
LALPATHLAB,11654,LALPATHLAB
PATELENG,11699,PATELENG
SUKHJITS,11804,SUKHJITS
GOYALALUM,11787,GOYALALUM
HPIL,11796,HPIL
FMGOETZE,1190,FMGOETZE
PRIMESECU,11864,PRIMESECU
DCXINDIA,11895,DCXINDIA
BIKAJI,11966,BIKAJI
FUSION,11932,FUSION
BASML,12034,BASML
AAATECH,12533,AAATECH
FINIETF,12578,FINIETF
NPBET,12978,NPBET
ABB,13,ABB
SAFARI,13035,SAFARI
TRIVENI,13081,TRIVENI
NAHARINDUS,13106,NAHARINDUS
HDFCBANK,1333,HDFCBANK
KFINTECH,13359,KFINTECH
BHAGERIA,13400,BHAGERIA
PFOCUS,13496,PFOCUS
BANKETFADD,13644,BANKETFADD
GMRAIRPORT,13528,GMRAIRPORT
HIMATSEIDE,1360,HIMATSEIDE
HINDCOMPOS,1372,HINDCOMPOS
NAUKRI,13751,NAUKRI
BBL,13761,BBL
SOBHA,13826,SOBHA
PRAENG,13941,PRAENG
AUTOIND,14106,AUTOIND
REDINGTON,14255,REDINGTON
HINDZINC,1424,HINDZINC
SEQUENT,14296,SEQUENT
PGIL,14260,PGIL
IDEA,14366,IDEA
AMDIND,14398,AMDIND
LEXUS,14459,LEXUS
BIRLANU,1455,BIRLANU
SYNGENE,10243,SYNGENE
AYMSYNTEX,10285,AYMSYNTEX
PKTEA,10321,PKTEA
FINCABLES,1038,FINCABLES
LUPIN,10440,LUPIN
UNITDSPR,10447,UNITDSPR
GUJGASLTD,10599,GUJGASLTD
TIMESGTY,10717,TIMESGTY
UNIONBANK,10753,UNIONBANK
GABRIEL,1085,GABRIEL
TMB,10945,TMB
LIBAS,11082,LIBAS
SATIA,11045,SATIA
LICNETFN50,11319,LICNETFN50
MAHABANK,11377,MAHABANK
VAIBHAVGBL,11364,VAIBHAVGBL
TTKHLTCARE,11369,TTKHLTCARE
PVTBANIETF,11386,PVTBANIETF
CCL,11452,CCL
NDTV,11427,NDTV
NV20,11457,NV20
ULTRACEMCO,11532,ULTRACEMCO
AMBICAAGAR,11496,AMBICAAGAR
LINCOLN,11596,LINCOLN
GNFC,1174,GNFC
SURYALAXMI,11852,SURYALAXMI
GOKEX,11778,GOKEX
KANSAINER,1196,KANSAINER
FAZE3Q,12000,FAZE3Q
HDFCPVTBAN,12108,HDFCPVTBAN
SWSOLAR,12489,SWSOLAR
HYBRIDFIN,12809,HYBRIDFIN
KRISHANA,12847,KRISHANA
ENIL,13192,ENIL
KEC,13260,KEC
CENTURYPLY,13305,CENTURYPLY
MALUPAPER,13352,MALUPAPER
AKASH,13510,AKASH
MANUGRAPH,13572,MANUGRAPH
HOVS,13592,HOVS
SKYGOLD,13631,SKYGOLD
NRL,13675,NRL
GLOBALVECT,13735,GLOBALVECT
GREENPANEL,13810,GREENPANEL
JINDRILL,13875,JINDRILL
BANCOINDIA,13880,BANCOINDIA
AVTNPL,14008,AVTNPL
BTML,14150,BTML
HDFCSML250,14233,HDFCSML250
GODREJAGRO,144,GODREJAGRO
EMBDL,14450,EMBDL
PPL,10297,PPL
JISLJALEQS,10397,JISLJALEQS
MOHEALTH,10508,MOHEALTH
CONS,10512,CONS
MOM30IETF,10585,MOM30IETF
SHREEPUSHK,10588,SHREEPUSHK
NAVKARCORP,10557,NAVKARCORP
BHARTIARTL,10604,BHARTIARTL
SADBHIN,10618,SADBHIN
NIFTYQLITY,10690,NIFTYQLITY
PONNIERODE,10661,PONNIERODE
SPORTKING,10733,SPORTKING
ZENSARTECH,1076,ZENSARTECH
GENESYS,10905,GENESYS
GRMOVER,10871,GRMOVER
OMAXAUTO,10922,OMAXAUTO
GODREJIND,10925,GODREJIND
STCINDIA,10948,STCINDIA
IDFCFIRSTB,11184,IDFCFIRSTB
SUVEN,11233,SUVEN
UCOBANK,11223,UCOBANK
DHANBANK,11359,DHANBANK
UMANGDAIRY,11387,UMANGDAIRY
SIL,11297,SIL
SUPRAJIT,11689,SUPRAJIT
JSWSTEEL,11723,JSWSTEEL
ALLDIGI,11798,ALLDIGI
SSWL,11829,SSWL
WELCORP,11821,WELCORP
VHL,11892,VHL
63MOONS,11868,63MOONS
GOLDIAM,11971,GOLDIAM
RML,11975,RML
SUZLON,12018,SUZLON
HDFCNIFIT,12101,HDFCNIFIT
INOXGREEN,12188,INOXGREEN
GRASIM,1232,GRASIM
TEAMLEASE,12716,TEAMLEASE
IIFLCAPS,13072,IIFLCAPS
REPRO,13126,REPRO
GALAXYSURF,1315,GALAXYSURF
M&MFIN,13285,M&MFIN
NITCO,13300,NITCO
GALLANTT,13337,GALLANTT
PIONEEREMB,13463,PIONEEREMB
EMAMILTD,13517,EMAMILTD
NECCLTD,13522,NECCLTD
VIDHIING,13536,VIDHIING
ACLGATI,13688,ACLGATI
INSPIRISYS,13730,INSPIRISYS
GTLINFRA,13745,GTLINFRA
GESHIP,13776,GESHIP
NFL,13925,NFL
TANLA,13976,TANLA
CONFIPET,10238,CONFIPET
HINDUNILVR,1394,HINDUNILVR
VEEDOL,14019,VEEDOL
ZEEMEDIA,14003,ZEEMEDIA
GLOBAL,1415,GLOBAL
IGPL,14086,IGPL
TVSSRICHAK,14245,TVSSRICHAK
GOLDETF,14286,GOLDETF
GANESHHOUC,14339,GANESHHOUC
MNC,10676,MNC
LAOPALA,14423,LAOPALA
NAHARSPING,14440,NAHARSPING
NAHARPOLY,14445,NAHARPOLY
GVPTECH,10865,GVPTECH
SIRCA,11050,SIRCA
NSIL,11239,NSIL
JSL,11236,JSL
ZOTA,11394,ZOTA
POONAWALLA,11403,POONAWALLA
DATAMATICS,11423,DATAMATICS
TEXINFRA,11549,TEXINFRA
FORCEMOT,11573,FORCEMOT
INDSWFTLTD,11602,INDSWFTLTD
GULFPETRO,11581,GULFPETRO
PPLPHARMA,11571,PPLPHARMA
XCHANGING,11705,XCHANGING
IIFL,11809,IIFL
NECLIFE,11927,NECLIFE
YESBANK,11915,YESBANK
MANINDS,11884,MANINDS
IMPAL,12009,IMPAL
FCSSOFT,11999,FCSSOFT
SASKEN,11983,SASKEN
SCPL,12072,SCPL
RUSTOMJEE,12219,RUSTOMJEE
PRECAM,12603,PRECAM
AMBUJACEM,1270,AMBUJACEM
GUJALKALI,1267,GUJALKALI
SCHAEFFLER,1011,SCHAEFFLER
KAYA,10276,KAYA
AURUM,10310,AURUM
STEELCITY,10406,STEELCITY
KSHITIJPOL,10407,KSHITIJPOL
SHARDAMOTR,10530,SHARDAMOTR
HDFCNIF100,10633,HDFCNIF100
HDFCSILVER,10876,HDFCSILVER
MARUTI,10999,MARUTI
LIQUIDBEES,11006,LIQUIDBEES
GARFIBRES,1100,GARFIBRES
HDFCQUAL,11255,HDFCQUAL
GHCL,1127,GHCL
TVSELECT,11265,TVSELECT
MUKANDLTD,11325,MUKANDLTD
GTECJAINX,1129,GTECJAINX
UPL,11287,UPL
PTC,11355,PTC
EXCELINDUS,11471,EXCELINDUS
GLAXO,1153,GLAXO
HDFCNIFTY,11591,HDFCNIFTY
GUFICBIO,11606,GUFICBIO
WESTLIFE,11580,WESTLIFE
ALKEM,11703,ALKEM
JINDALPHOT,11743,JINDALPHOT
AMBER,1185,AMBER
JKPAPER,11860,JKPAPER
ESG,1200,ESG
RENUKA,12026,RENUKA
MBAPL,12686,MBAPL
V1NSETEST,12863,V1NSETEST
DHARMAJ,13001,DHARMAJ
SILVER1,13082,SILVER1
HARRMALAYA,1313,HARRMALAYA
EBBETF0433,13139,EBBETF0433
NITINSPIN,13175,NITINSPIN
LANDMARK,13276,LANDMARK
MARINE,1328,MARINE
HEG,1336,HEG
SDBL,1338,SDBL
KELLTONTEC,13430,KELLTONTEC
GPIL,13409,GPIL
JKLAKSHMI,13491,JKLAKSHMI
BALPHARMA,13441,BALPHARMA
ACE,13587,ACE
ANDHRSUGAR,136,ANDHRSUGAR
SHIVAMAUTO,13756,SHIVAMAUTO
BAIDFIN,13794,BAIDFIN
DONEAR,13839,DONEAR
MMFL,13844,MMFL
HINDPETRO,1406,HINDPETRO
NINSYS,14194,NINSYS
NETWORK18,14111,NETWORK18
GANDHITUBE,14116,GANDHITUBE
HDFCMID150,14236,HDFCMID150
ORIENTALTL,14346,ORIENTALTL
APOLLOPIPE,14361,APOLLOPIPE
POCL,14385,POCL
EMAMIPAP,10074,EMAMIPAP
AARON,1030,AARON
FEDERALBNK,1023,FEDERALBNK
RAMASTEEL,10300,RAMASTEEL
SHAREINDIA,104,SHAREINDIA
OLECTRA,10637,OLECTRA
OFSS,10738,OFSS
INDIAMART,10726,INDIAMART
MOVALUE,10825,MOVALUE
MOVALUINAV,10831,MOVALUINAV
DREAMFOLKS,10859,DREAMFOLKS
BANKIETF,11037,BANKIETF
DCMNVL,11039,DCMNVL
NATHBIOGEN,11065,NATHBIOGEN
AGRITECH,11072,AGRITECH
AXISILVER,11193,AXISILVER
INDIGO,11195,INDIGO
DREDGECORP,11271,DREDGECORP
PETRONET,11351,PETRONET
XPROINDIA,11407,XPROINDIA
APARINDS,11491,APARINDS
LT,11483,LT
HDFCMOMENT,11538,HDFCMOMENT
CENTEXT,11511,CENTEXT
KOTARISUG,11647,KOTARISUG
ACEINTEG,11779,ACEINTEG
SHOPERSTOP,11813,SHOPERSTOP
OCCL,12231,OCCL
ZIMLAB,12384,ZIMLAB
DJML,12749,DJML
G1NSETEST,12842,G1NSETEST
360ONE,13061,360ONE
RSYSTEMS,13414,RSYSTEMS
ELIN,13423,ELIN
TECHM,13538,TECHM
JMFINANCIL,13637,JMFINANCIL
ALICON,13656,ALICON
GEECEE,13658,GEECEE
MANOMAY,13753,MANOMAY
VENUSREM,13859,VENUSREM
LIQUID1,13950,LIQUID1
ABSLBANETF,13987,ABSLBANETF
SANGHVIMOV,14058,SANGHVIMOV
UNOMINDA,14154,UNOMINDA
HDFCBSE500,14230,HDFCBSE500
NSLNISP,14180,NSLNISP
INDIANB,14309,INDIANB
HSCL,14334,HSCL
GOKULAGRO,14480,GOKULAGRO
THEMISMED,14485,THEMISMED
HLVLTD,1448,HLVLTD
ABSLLIQUID,14518,ABSLLIQUID
SARVESHWAR,12913,SARVESHWAR
GSEC10IETF,13143,GSEC10IETF
JAGRAN,13211,JAGRAN
BLKASHYAP,13290,BLKASHYAP
KEI,13310,KEI
IEL,13303,IEL
HCL-INSYS,1327,HCL-INSYS
SUNTV,13404,SUNTV
HEROMOTOCO,1348,HEROMOTOCO
GRINDWELL,13560,GRINDWELL
ATLANTAA,13585,ATLANTAA
IRCTC,13611,IRCTC
TALBROAUTO,13648,TALBROAUTO
INFOMEDIA,13693,INFOMEDIA
HCC,1375,HCC
PARSVNATH,13791,PARSVNATH
MANALIPETC,13796,MANALIPETC
CREST,13900,CREST
AARTIPHARM,13868,AARTIPHARM
PLASTIBLEN,13920,PLASTIBLEN
HBLENGINE,13966,HBLENGINE
ORIENTBELL,14278,ORIENTBELL
PFC,14299,PFC
PHOENIXLTD,14552,PHOENIXLTD
GSLSU,14599,GSLSU
INSECTICID,14657,INSECTICID
101NSETEST,14772,101NSETEST
141NSETEST,14781,141NSETEST
LOWVOL,14786,LOWVOL
DECCANCE,14838,DECCANCE
MOTILALOFS,14947,MOTILALOFS
SAHYADRI,14900,SAHYADRI
PSUBNKBEES,15032,PSUBNKBEES
MADHAV,15151,MADHAV
INDIANHUME,1530,INDIANHUME
SHALPAINTS,15342,SHALPAINTS
RAIN,15337,RAIN
SEPC,15308,SEPC
VGUARD,15362,VGUARD
RECLTD,15355,RECLTD
DPSCLTD,15419,DPSCLTD
MANKIND,15380,MANKIND
GODHA,1607,GODHA
ARCHIDPLY,16795,ARCHIDPLY
LOTUSEYE,16807,LOTUSEYE
JOCIL,16927,JOCIL
ALBERTDAVD,17256,ALBERTDAVD
BLS,17279,BLS
NHPC,17400,NHPC
NETWEB,17433,NETWEB
GPTINFRA,17685,GPTINFRA
KANPRPLA,1782,KANPRPLA
LTIM,17818,LTIM
AHLUCONT,17833,AHLUCONT
DLINKINDIA,17851,DLINKINDIA
ABBOTINDIA,17903,ABBOTINDIA
AWHCL,1797,AWHCL
TVSSCS,18151,TVSSCS
MANINFRA,18226,MANINFRA
KECL,18220,KECL
HNGSNGBEES,18284,HNGSNGBEES
LGBBROSLTD,18321,LGBBROSLTD
BIGBLOC,18431,BIGBLOC
RBLBANK,18391,RBLBANK
LAURUSLABS,19234,LAURUSLABS
KOPRAN,1919,KOPRAN
MONIFTY500,19237,MONIFTY500
AHLEAST,19438,AHLEAST
BOROLTD,19401,BOROLTD
UGARSUGAR,19578,UGARSUGAR
BSE,19585,BSE
AMNPLST,19867,AMNPLST
EGOLD,19933,EGOLD
ESAFSFB,19878,ESAFSFB
INTENTECH,20071,INTENTECH
URJA,20203,URJA
OBEROIRLTY,20242,OBEROIRLTY
IOLCP,20413,IOLCP
HOMEFIRST,2056,HOMEFIRST
INDIASHLTR,20556,INDIASHLTR
JAMNAAUTO,20778,JAMNAAUTO
PSPPROJECT,20877,PSPPROJECT
BFINVEST,21113,BFINVEST
KICL,21119,KICL
MARALOVER,2112,MARALOVER
ICICIGI,21770,ICICIGI
RHFL,21733,RHFL
ORICONENT,10159,ORICONENT
ADANIENSOL,10217,ADANIENSOL
CSLFINANCE,10350,CSLFINANCE
DGCONTENT,10346,DGCONTENT
UTISENSETF,10515,UTISENSETF
MODTHREAD,2241,MODTHREAD
POWERMECH,10473,POWERMECH
PNB,10666,PNB
SILVERADD,10761,SILVERADD
INFRAIETF,10723,INFRAIETF
JSFB,22663,JSFB
NUCLEUS,10791,NUCLEUS
SURANAT&P,10700,SURANAT&P
MOQLTYINAV,10830,MOQLTYINAV
CAPITALSFB,22675,CAPITALSFB
MRF,2277,MRF
INFOBEAN,11027,INFOBEAN
KSOLVES,11060,KSOLVES
CREATIVE,11155,CREATIVE
HDFCGROWTH,11241,HDFCGROWTH
UNIENTER,11293,UNIENTER
IGL,11262,IGL
LUXIND,11301,LUXIND
HAL,2303,HAL
GICHSGFIN,1139,GICHSGFIN
SPANDANA,11435,SPANDANA
KRITINUT,11432,KRITINUT
HDFCLOWVOL,11547,HDFCLOWVOL
NCC,2319,NCC
ASTRAMICRO,11618,ASTRAMICRO
JPPOWER,11763,JPPOWER
DWARKESH,11667,DWARKESH
GMBREW,1168,GMBREW
GODFRYPHLP,1181,GODFRYPHLP
GLAND,1186,GLAND
MEDANTA,11956,MEDANTA
SATINDLTD,12015,SATINDLTD
AURIONPRO,12022,AURIONPRO
DOLATALGO,12124,DOLATALGO
KAYNES,12092,KAYNES
JNKINDIA,23621,JNKINDIA
GREAVESCOT,1235,GREAVESCOT
AADHARHFC,23729,AADHARHFC
GSFC,1247,GSFC
ABSLPSE,23806,ABSLPSE
TBOTEK,23740,TBOTEK
GODIGIT,23799,GODIGIT
NELCO,2388,NELCO
ROUTE,128,ROUTE
ORIENTCER,13111,ORIENTCER
UNIPARTS,13057,UNIPARTS
QUICKHEAL,13116,QUICKHEAL
PVRINOX,13147,PVRINOX
ROHLTD,13182,ROHLTD
TOP100CASE,24081,TOP100CASE
NEULANDLAB,2406,NEULANDLAB
COMMOIETF,13198,COMMOIETF
INDOTECH,13275,INDOTECH
GSPL,13197,GSPL
AFSL,13288,AFSL
KKCL,13381,KKCL
RELAXO,24225,RELAXO
VOLTAMP,13577,VOLTAMP
RADIANTCMS,13580,RADIANTCMS
ANANTRAJ,13620,ANANTRAJ
ESTER,24265,ESTER
SAH,13689,SAH
ELECON,13643,ELECON
LIQUIDSHRI,24374,LIQUIDSHRI
VISHWARAJ,13702,VISHWARAJ
ASHIANA,24403,ASHIANA
NKIND,2439,NKIND
KARMAENG,24385,KARMAENG
FLUOROCHEM,13750,FLUOROCHEM
KUANTUM,13870,KUANTUM
LTFOODS,13816,LTFOODS
HIRECT,13890,HIRECT
MAITHANALL,24538,MAITHANALL
HINDOILEXP,1403,HINDOILEXP
SARLAPOLY,14043,SARLAPOLY
ASMS,14064,ASMS
PTL,14101,PTL
AVANTEL,24610,AVANTEL
SAGCEM,14068,SAGCEM
PITTIENG,14134,PITTIENG
RUBFILA,24730,RUBFILA
RPEL,24735,RPEL
SMSPHARMA,14329,SMSPHARMA
NCLIND,14490,NCLIND
MANCREDIT,24823,MANCREDIT
INTERARCH,24909,INTERARCH
TRITURBINE,25584,TRITURBINE
JISLDVREQS,25684,JISLDVREQS
RUPA,25724,RUPA
POLYMED,25718,POLYMED
CHEMCON,270,CHEMCON
GICRE,277,GICRE
CHEMFAB,2799,CHEMFAB
JUBLINGREA,2783,JUBLINGREA
DUCON,28952,DUCON
LAXMIDENTL,29171,LAXMIDENTL
AGARWALEYE,29452,AGARWALEYE
MOHITIND,29423,MOHITIND
SAIL,2963,SAIL
GROWWN200,29872,GROWWN200
VIVIDHA,29877,VIVIDHA
ATULAUTO,30023,ATULAUTO
WEBELSOLAR,14602,WEBELSOLAR
SRHHYPOLTD,14582,SRHHYPOLTD
ACCURACY,1465,ACCURACY
GOACARBON,14687,GOACARBON
NAGREEKEXP,14702,NAGREEKEXP
AXSENSEX,14742,AXSENSEX
151NSETEST,14782,151NSETEST
041NSETEST,14755,041NSETEST
OMAXE,14853,OMAXE
CENTRALBK,14894,CENTRALBK
LAL,14924,LAL
INDOWIND,14952,INDOWIND
CSBBANK,14966,CSBBANK
CENTUM,14982,CENTUM
PSUBANK,15061,PSUBANK
ADANIPORTS,15083,ADANIPORTS
EDELWEISS,15119,EDELWEISS
INDHOTEL,1512,INDHOTEL
HITECHCORP,15161,HITECHCORP
KAUSHALYA,15136,KAUSHALYA
KIRLPNU,15180,KIRLPNU
INDIAGLYCO,1521,INDIAGLYCO
RKEC,1547,RKEC
RVHL,1565,RVHL
MKPL,16736,MKPL
GOKUL,16705,GOKUL
VINYLINDIA,16821,VINYLINDIA
SINDHUTRAD,16859,SINDHUTRAD
ASHOKAMET,16943,ASHOKAMET
SUMICHEM,17105,SUMICHEM
NEXT50,17181,NEXT50
CYIENTDLM,17187,CYIENTDLM
PSUBANKADD,17616,PSUBANKADD
MOLDTECH,17625,MOLDTECH
VIJIFIN,17691,VIJIFIN
DBCORP,17881,DBCORP
HINDCOPPER,17939,HINDCOPPER
BEARDSELL,17933,BEARDSELL
ADVENZYMES,18039,ADVENZYMES
MINDTECK,18049,MINDTECK
JUBLFOOD,18096,JUBLFOOD
DBREALTY,18124,DBREALTY
HATHWAY,18154,HATHWAY
PYRAMID,18250,PYRAMID
SPAL,18252,SPAL
IVZINGOLD,18292,IVZINGOLD
TCPLPACK,184,TCPLPACK
ISFT,18479,ISFT
NIRAJISPAT,18840,NIRAJISPAT
SETFNIF50,10176,SETFNIF50
KAPSTON,18967,KAPSTON
BALKRISHNA,10181,BALKRISHNA
UNIVASTU,18977,UNIVASTU
JSWINFRA,19020,JSWINFRA
SILLYMONKS,19097,SILLYMONKS
AXISBNKETF,1044,AXISBNKETF
UTINIFTETF,10511,UTINIFTETF
RAMRAT,10485,RAMRAT
MOMENTUM,10693,MOMENTUM
HDFCNEXT50,10619,HDFCNEXT50
OAL,10768,OAL
MOQUALITY,10822,MOQUALITY
CANBK,10794,CANBK
ITETF,19633,ITETF
LIQUIDSBI,19705,LIQUIDSBI
PRICOLLTD,19631,PRICOLLTD
JUNIORBEES,10939,JUNIORBEES
DIVISLAB,10940,DIVISLAB
WELSPUNLIV,11253,WELSPUNLIV
BALAXI,11309,BALAXI
TVTODAY,11275,TVTODAY
BIOCON,11373,BIOCON
SALZERELEC,11399,SALZERELEC
GIPCL,1145,GIPCL
EMIL,11530,EMIL
SALSTEEL,11634,SALSTEEL
WELENT,11626,WELENT
NTPC,11630,NTPC
NARMADA,11627,NARMADA
INDOCO,11677,INDOCO
JBMA,11655,JBMA
SAKSOFT,11794,SAKSOFT
EVEREADY,11782,EVEREADY
NH,11840,NH
ICIL,11987,ICIL
HTMEDIA,11979,HTMEDIA
GENUSPOWER,11905,GENUSPOWER
FIVESTAR,12032,FIVESTAR
HNDFDS,12173,HNDFDS
CASTROLIND,1250,CASTROLIND
GFLLIMITED,1289,GFLLIMITED
AIAENG,13086,AIAENG
EKC,13091,EKC
KERNEX,13121,KERNEX
SULA,13218,SULA
SOLARINDS,13332,SOLARINDS
JKCEMENT,13270,JKCEMENT
SGL,13367,SGL
RATNAMANI,13451,RATNAMANI
ALLCARGO,13501,ALLCARGO
SELAN,13598,SELAN
HINDALCO,1363,HINDALCO
MADHUCON,13671,MADHUCON
SHYAMTEL,13740,SHYAMTEL
CANTABIL,20160,CANTABIL
PARACABLES,13951,PARACABLES
ASHAPURMIN,203,ASHAPURMIN
JASH,13982,JASH
LUMAXTECH,14014,LUMAXTECH
AXISGOLD,20532,AXISGOLD
BBNPPGOLD,20547,BBNPPGOLD
BAJEL,20531,BAJEL
WANBURY,14063,WANBURY
AGI,1412,AGI
INOXINDIA,20607,INOXINDIA
PENIND,20621,PENIND
SIYSIL,14096,SIYSIL
TIMKEN,14198,TIMKEN
HUBTOWN,14203,HUBTOWN
SCHAND,20698,SCHAND
TTL,14314,TTL
FSL,14304,FSL
SURAJEST,20822,SURAJEST
KIRLOSENG,20936,KIRLOSENG
DIVGIITTS,14479,DIVGIITTS
SANOFI,1442,SANOFI
BALAMINES,14501,BALAMINES
TEJASNET,21131,TEJASNET
PALASHSECU,21383,PALASHSECU
TATSILV,21428,TATSILV
THEINVEST,21427,THEINVEST
COCHINSHIP,21508,COCHINSHIP
MODIRUBBER,2229,MODIRUBBER
WORTH,22277,WORTH
LOVABLE,22415,LOVABLE
MAXIND,22428,MAXIND
BANDHANBNK,2263,BANDHANBNK
PARKHOTELS,22649,PARKHOTELS
MRPL,2283,MRPL
HLEGLAS,2289,HLEGLAS
ARE&M,100,ARE&M
MUKKA,22980,MUKKA
PLATIND,22930,PLATIND
GODREJCP,10099,GODREJCP
MANORAMA,10227,MANORAMA
UFLEX,1053,UFLEX
KRBL,10577,KRBL
FOSECOIND,1073,FOSECOIND
SUMIT,11140,SUMIT
KBCGLOBAL,2354,KBCGLOBAL
HDFCVALUE,11260,HDFCVALUE
LICNETFSEN,11441,LICNETFSEN
PILANIINVS,11445,PILANIINVS
NIITLTD,11522,NIITLTD
NAVNETEDUL,2385,NAVNETEDUL
GTL,1162,GTL
CONSOFINVT,11731,CONSOFINVT
SANDHAR,2397,SANDHAR
MANGALAM,11817,MANGALAM
GRANULES,11872,GRANULES
GEOJITFSL,11896,GEOJITFSL
KRONOX,24025,KRONOX
MSPL,11919,MSPL
MCLEODRUSS,11943,MCLEODRUSS
SYNCOMF,11992,SYNCOMF
PRAXIS,1204,PRAXIS
ACI,12024,ACI
PEL,2412,PEL
NILKAMAL,2421,NILKAMAL
AFIL,24159,AFIL
SYMPHONY,24190,SYMPHONY
BBTCL,12153,BBTCL
OMINFRAL,24231,OMINFRAL
OSIAHYPER,12635,OSIAHYPER
VSTTILLERS,24292,VSTTILLERS
OILIETF,24533,OILIETF
N1NSETEST,12848,N1NSETEST
11NSETEST,12841,11NSETEST
VIMTALABS,13101,VIMTALABS
OLAELEC,24777,OLAELEC
CELEBRITY,13162,CELEBRITY
SURAJLTD,24966,SURAJLTD
UTTAMSUGAR,13376,UTTAMSUGAR
KAMDHENU,13457,KAMDHENU
GALAPREC,25134,GALAPREC
OSWALAGRO,2514,OSWALAGRO
MUNJALAU,13511,MUNJALAU
TOP10ADD,25171,TOP10ADD
KROSS,25252,KROSS
BALAJEE,25203,BALAJEE
FIEMIND,13710,FIEMIND
BFUTILITIE,14567,BFUTILITIE
DCBBANK,13725,DCBBANK
RUCHIRA,13821,RUCHIRA
TORNTPOWER,13786,TORNTPOWER
NAVINFLUOR,14672,NAVINFLUOR
HGS,14712,HGS
021NSETEST,14751,021NSETEST
131NSETEST,14778,131NSETEST
TIIL,14223,TIIL
USK,14871,USK
ADSL,14813,ADSL
PAGEIND,14413,PAGEIND
ASTRAL,14418,ASTRAL
SHIVAMILLS,1497,SHIVAMILLS
ASIANTILES,14889,ASIANTILES
KDDL,14908,KDDL
GOLDBEES,14428,GOLDBEES
JKTYRE,14435,JKTYRE
CCCL,14992,CCCL
MOGSEC,1507,MOGSEC
BANSWRAS,14511,BANSWRAS
ICRA,14523,ICRA
PSUBNKIETF,14584,PSUBNKIETF
TGBHOTELS,14607,TGBHOTELS
FORTIS,14592,FORTIS
KNRCON,15283,KNRCON
031NSETEST,14753,031NSETEST
DLF,14732,DLF
061NSETEST,14762,061NSETEST
IDBI,1476,IDBI
NELCAST,14761,NELCAST
TARC,1581,TARC
MAGNUM,14957,MAGNUM
PRINCEPIPE,16045,PRINCEPIPE
IOC,1624,IOC
KSCL,14972,KSCL
MANGCHEFER,15007,MANGCHEFER
EBBETF0430,16253,EBBETF0430
LINDEINDIA,1627,LINDEINDIA
ENERGYDEV,15049,ENERGYDEV
CERA,15039,CERA
KOLTEPATIL,15124,KOLTEPATIL
ITC,1660,ITC
INDIACEM,1515,INDIACEM
TARIL,15174,TARIL
COLPAL,15141,COLPAL
AMBIKCO,15234,AMBIKCO
UJJIVANSFB,15228,UJJIVANSFB
HGINFRA,1672,HGINFRA
GSS,15347,GSS
HINDWAREAP,15883,HINDWAREAP
LPDC,16863,LPDC
APCOTEXIND,154,APCOTEXIND
INGERRAND,1597,INGERRAND
ZFCVINDIA,16915,ZFCVINDIA
PAVNAIND,16192,PAVNAIND
VAISHALI,16589,VAISHALI
BAJAJ-AUTO,16669,BAJAJ-AUTO
JAYBARMARU,1708,JAYBARMARU
UBL,16713,UBL
KOKUYOCMLN,16827,KOKUYOCMLN
IKIO,16822,IKIO
IDEAFORGE,17140,IDEAFORGE
CROMPTON,17094,CROMPTON
SENCO,17271,SENCO
AARTECH,17145,AARTECH
MHRIL,17333,MHRIL
EXPLEOSOL,17486,EXPLEOSOL
PVTBANKADD,17576,PVTBANKADD
ZYDUSWELL,17635,ZYDUSWELL
JINDALPOLY,1756,JINDALPOLY
UNIVPHOTO,17659,UNIVPHOTO
MIDSELIETF,17702,MIDSELIETF
ASTEC,17728,ASTEC
POKARNA,17651,POKARNA
DEN,17722,DEN
SHILPAMED,17752,SHILPAMED
TREL,17795,TREL
COHANCE,17945,COHANCE
QUAL30IETF,17808,QUAL30IETF
GEEKAYWIRE,17922,GEEKAYWIRE
VASCONEQ,18110,VASCONEQ
THANGAMAYL,18118,THANGAMAYL
EMMBI,18142,EMMBI
WHIRLPOOL,18011,WHIRLPOOL
NIFTY1,18102,NIFTY1
SRGHFL,18119,SRGHFL
KARURVYSYA,1838,KARURVYSYA
POWERINDIA,18457,POWERINDIA
NIFMID150,18347,NIFMID150
TEXMOPIPES,18214,TEXMOPIPES
KCP,1841,KCP
MITTAL,18562,MITTAL
MARATHON,18659,MARATHON
KIRLOSBROS,18581,KIRLOSBROS
SJVN,18883,SJVN
SUNDARAM,18931,SUNDARAM
KINGFA,18944,KINGFA
MANAPPURAM,19061,MANAPPURAM
YATRA,18760,YATRA
MVGJL,19015,MVGJL
CUMMINSIND,1901,CUMMINSIND
KIOCL,19126,KIOCL
AARVI,19073,AARVI
EMAMIREAL,19277,EMAMIREAL
NBIFIN,19111,NBIFIN
SFL,19184,SFL
IRMENERGY,19597,IRMENERGY
TCIEXP,19223,TCIEXP
MOM50,19289,MOM50
CAPTRUST,19447,CAPTRUST
IITL,19525,IITL
ADFFOODS,19761,ADFFOODS
RADIOCITY,19877,RADIOCITY
SECMARK,19496,SECMARK
DMART,19913,DMART
AHLADA,2004,AHLADA
MAXESTATES,19646,MAXESTATES
AKSHARCHEM,20178,AKSHARCHEM
BLUEJET,19686,BLUEJET
KILITCH,19937,KILITCH
LYKALABS,2028,LYKALABS
CLEDUCATE,20223,CLEDUCATE
SHAH,20296,SHAH
TATATECH,20293,TATATECH
M&M,2031,M&M
FLAIR,20372,FLAIR
ASKAUTOLTD,20152,ASKAUTOLTD
WIPL,20481,WIPL
GOLDSHARE,14535,GOLDSHARE
ESILVER,20257,ESILVER
ZENITHSTL,14562,ZENITHSTL
TARMAT,14771,TARMAT
SPARC,14788,SPARC
ALPA,14848,ALPA
KPRMILL,14912,KPRMILL
NAGREEKCAP,14942,NAGREEKCAP
ASTERDM,1508,ASTERDM
WCIL,25403,WCIL
JYOTHYLAB,15146,JYOTHYLAB
CORDSCABLE,15271,CORDSCABLE
GOLDETFADD,15356,GOLDETFADD
IRB,15313,IRB
MANBA,25597,MANBA
GROWWDEFNC,25758,GROWWDEFNC
NESCO,15409,NESCO
TITAGARH,15414,TITAGARH
AVG,15589,AVG
MGEL,1593,MGEL
FAIRCHEMOR,1614,FAIRCHEMOR
IONEXCHANG,1630,IONEXCHANG
PTCIL,16682,PTCIL
RPGLIFE,16725,RPGLIFE
ITI,1675,ITI
AVL,25984,AVL
INDBANK,16933,INDBANK
SHARIABEES,17044,SHARIABEES
PATANJALI,17029,PATANJALI
GATECHDVR,17,GATECHDVR
ATUL,263,ATUL
SETFGOLD,17272,SETFGOLD
PIDILITIND,2664,PIDILITIND
HEXATRADEX,27008,HEXATRADEX
ASPINWALL,17270,ASPINWALL
ARMANFIN,17263,ARMANFIN
ACMESOLAR,27061,ACMESOLAR
LLOYDSME,17313,LLOYDSME
NTPCGREEN,27176,NTPCGREEN
DAMODARIND,17541,DAMODARIND
CONTROLPR,17477,CONTROLPR
MGL,17534,MGL
LIQUID,17572,LIQUID
RTNINDIA,27297,RTNINDIA
YATHARTH,17738,YATHARTH
SARDAEN,17758,SARDAEN
NESTLEIND,17963,NESTLEIND
JYOTISTRUC,1802,JYOTISTRUC
KAJARIACER,1808,KAJARIACER
AUTOAXLES,278,AUTOAXLES
EASEMYTRIP,2792,EASEMYTRIP
YASHO,18131,YASHO
KPIL,1814,KPIL
RAJSREESUG,2809,RAJSREESUG
ORIENTLTD,18208,ORIENTLTD
HDFCLIQUID,18279,HDFCLIQUID
KANORICHEM,1835,KANORICHEM
ZAGGLE,18608,ZAGGLE
HPL,18679,HPL
MAZDA,18866,MAZDA
RAJRATAN,18962,RAJRATAN
KOTAKBANK,1922,KOTAKBANK
QUADFUTURE,29087,QUADFUTURE
GOLDIETF,19679,GOLDIETF
GPPL,19731,GPPL
WELINV,19800,WELINV
SUPREME,29439,SUPREME
LICHSGFIN,1997,LICHSGFIN
NEXT30ADD,29464,NEXT30ADD
AJAXENGG,29624,AJAXENGG
BAJAJINDEF,29678,BAJAJINDEF
SURYODAY,2970,SURYODAY
DOMS,20551,DOMS
CHENNPETRO,2049,CHENNPETRO
SUPERHOUSE,20616,SUPERHOUSE
GUJAPOLLO,14677,GUJAPOLLO
AKZOINDIA,1467,AKZOINDIA
KMSUGAR,14667,KMSUGAR
161NSETEST,14784,161NSETEST
PSB,21001,PSB
IFBIND,1485,IFBIND
IFBAGRO,1482,IFBAGRO
ERIS,21154,ERIS
SILVERETF,15085,SILVERETF
BHAGYANGR,20776,BHAGYANGR
SVLL,15121,SVLL
RHL,15157,RHL
MAHSCOOTER,2085,MAHSCOOTER
HAPPYFORGE,20854,HAPPYFORGE
CEATLTD,15254,CEATLTD
RPOWER,15259,RPOWER
VIRINCHI,15295,VIRINCHI
ONMOBILE,15278,ONMOBILE
BANG,15303,BANG
MANGLMCEM,2106,MANGLMCEM
SURANASOL,21077,SURANASOL
HCG,15555,HCG
ACL,15420,ACL
CDSL,21174,CDSL
AVADHSUGAR,21406,AVADHSUGAR
GMMPFAUDLR,1570,GMMPFAUDLR
ATALREAL,15649,ATALREAL
UTINEXT50,21478,UTINEXT50
MFSL,2142,MFSL
GILLETTE,1576,GILLETTE
BECTORFOOD,1628,BECTORFOOD
TEXRAIL,21828,TEXRAIL
DPWIRES,16900,DPWIRES
IEX,220,IEX
DHUNINV,22233,DHUNINV
SHRIPISTON,17186,SHRIPISTON
VINATIORGA,17364,VINATIORGA
AJMERA,17307,AJMERA
SETF10GILT,17395,SETF10GILT
GLOBUSSPR,17424,GLOBUSSPR
ADANIPOWER,17388,ADANIPOWER
NIF10GETF,22524,NIF10GETF
SENSEXADD,17613,SENSEXADD
RTNPOWER,17520,RTNPOWER
LTGILTBEES,17700,LTGILTBEES
NIITMTS,17747,NIITMTS
ALOKINDS,17675,ALOKINDS
UNITEDTEA,17999,UNITEDTEA
KAKATCEM,1811,KAKATCEM
GOPAL,23066,GOPAL
KAMATHOTEL,1826,KAMATHOTEL
MOREALTY,23184,MOREALTY
PERSISTENT,18365,PERSISTENT
AIIL,23553,AIIL
RRKABEL,18566,RRKABEL
BSLGOLDETF,23804,BSLGOLDETF
NUVAMA,18721,NUVAMA
KALAMANDIR,18755,KALAMANDIR
STYRENIX,19,STYRENIX
VBL,18921,VBL
AARTISURF,19233,AARTISURF
KREBSBIO,1937,KREBSBIO
BHANDARI,19556,BHANDARI
PRAKASHSTL,19599,PRAKASHSTL
ALPHAETF,19640,ALPHAETF
MASFIN,199,MASFIN
LMW,1979,LMW
LIBERTSHOE,1994,LIBERTSHOE
GREENPOWER,20110,GREENPOWER
SASTASUNDR,20063,SASTASUNDR
LUMAXIND,2018,LUMAXIND
GANDHAR,20303,GANDHAR
INDIGOPNTS,2048,INDIGOPNTS
VTL,2073,VTL
JINDWORLD,20642,JINDWORLD
ZEELEARN,20852,ZEELEARN
AZAD,20905,AZAD
STARCEMENT,21091,STARCEMENT
AXISNIFTY,21252,AXISNIFTY
TATAGOLD,21401,TATAGOLD
ABCAPITAL,21614,ABCAPITAL
COMSYN,21578,COMSYN
ONGC,2475,ONGC
APEX,21623,APEX
DCAL,21704,DCAL
YAARI,24999,YAARI
A2ZINFRA,20906,A2ZINFRA
STYLEBAAZA,25114,STYLEBAAZA
ARKADE,25398,ARKADE
HUHTAMAKI,2562,HUHTAMAKI
VIKASECO,25756,VIKASECO
GTPL,21195,GTPL
AUBANK,21238,AUBANK
AFFORDABLE,25855,AFFORDABLE
DYNPRO,21314,DYNPRO
WAAREEENER,25907,WAAREEENER
3PLAND,2595,3PLAND
MOM100,21423,MOM100
GANGESSECU,21399,GANGESSECU
SMSLIFE,21551,SMSLIFE
SWANENERGY,27095,SWANENERGY
ARVEE,2814,ARVEE
IKS,28125,IKS
ANURAS,2829,ANURAS
LXCHEM,2841,LXCHEM
CRAFTSMAN,2854,CRAFTSMAN
SANATHAN,28805,SANATHAN
MOSCHIP,29459,MOSCHIP
PROTEAN,29472,PROTEAN
NATCAPSUQ,29583,NATCAPSUQ
LOWVOLIETF,21254,LOWVOLIETF
DIGIDRIVE,21247,DIGIDRIVE
MAGADSUGAR,21392,MAGADSUGAR
JYOTICNC,21334,JYOTICNC
OPTIEMUS,21469,OPTIEMUS
CHOLAHLDNG,21740,CHOLAHLDNG
CAPACITE,21749,CAPACITE
DIAMONDYD,21840,DIAMONDYD
SBILIFE,21808,SBILIFE
INDTERRAIN,21957,INDTERRAIN
ACC,22,ACC
EBBETF0431,22239,EBBETF0431
MAXHEALTH,22377,MAXHEALTH
HDFCNIFBAN,22433,HDFCNIFBAN
MON100,22739,MON100
LASA,21713,LASA
JGCHEM,23056,JGCHEM
HFCL,21951,HFCL
NOVAAGRI,22477,NOVAAGRI
HEIDELBERG,2316,HEIDELBERG
SMCGLOBAL,2320,SMCGLOBAL
181NSETEST,23447,181NSETEST
GPTHEALTH,22846,GPTHEALTH
JUNIPER,22824,JUNIPER
BALUFORGE,23607,BALUFORGE
MUNJALSHOW,2307,MUNJALSHOW
SCILAL,23127,SCILAL
IXIGO,24067,IXIGO
STANLEY,24226,STANLEY
ABGSEC,24404,ABGSEC
SANSTAR,24582,SANSTAR
INVENTURE,24870,INVENTURE
SSDL,24856,SSDL
ORIENTHOT,2493,ORIENTHOT
ADANIENT,25,ADANIENT
PGEL,25358,PGEL
PGHH,2535,PGHH
BHARTIHEXA,23489,BHARTIHEXA
UYFINCORP,25626,UYFINCORP
SRD,25737,SRD
MINDACORP,25897,MINDACORP
DIVOPPBEES,2636,DIVOPPBEES
AMJLAND,2598,AMJLAND
KPEL,27079,KPEL
MIDSMALL,23855,MIDSMALL
RACLGEAR,27171,RACLGEAR
MTARTECH,2709,MTARTECH
ANUHPHR,28314,ANUHPHR
CARERATING,29113,CARERATING
RIIL,2912,RIIL
ABDL,24308,ABDL
PCJEWELLER,29124,PCJEWELLER
VRAJ,24321,VRAJ
SBISILVER,24366,SBISILVER
EVINDIA,24461,EVINDIA
KALYANKJIL,2955,KALYANKJIL
MIDHANI,2463,MIDHANI
HILTON,14627,HILTON
FIRSTCRY,24814,FIRSTCRY
METALIETF,24861,METALIETF
ORIENTPPR,2496,ORIENTPPR
TIMETECHNO,14707,TIMETECHNO
051NSETEST,14758,051NSETEST
121NSETEST,14777,121NSETEST
071NSETEST,14764,071NSETEST
BCLIND,2513,BCLIND
GSEC10YEAR,14938,GSEC10YEAR
CIEINDIA,14937,CIEINDIA
TDPOWERSYS,25178,TDPOWERSYS
MAANALU,15017,MAANALU
APLLTD,25328,APLLTD
BVCL,15073,BVCL
PATINTLOG,15219,PATINTLOG
ECLERX,15179,ECLERX
PPAP,15209,PPAP
ARIES,15204,ARIES
LICNFNHGP,15229,LICNFNHGP
PAISALO,25468,PAISALO
NAHARCAP,15360,NAHARCAP
RACE,15391,RACE
ATAM,15404,ATAM
LICMFGOLD,25640,LICMFGOLD
BHARATWIRE,16123,BHARATWIRE
APOLLOHOSP,157,APOLLOHOSP
INFIBEAM,16249,INFIBEAM
TATAINVEST,1621,TATAINVEST
APOLLOTYRE,163,APOLLOTYRE
MMP,16395,MMP
VAL30IETF,25851,VAL30IETF
HYUNDAI,25844,HYUNDAI
SIGMA,16658,SIGMA
GHCLTEXTIL,16696,GHCLTEXTIL
BAJAJFINSV,16675,BAJAJFINSV
DIGISPICE,16683,DIGISPICE
DRCSYSTEMS,2645,DRCSYSTEMS
IVP,1681,IVP
ARTEMISMED,16913,ARTEMISMED
VSSL,27067,VSSL
SWIGGY,27066,SWIGGY
KMEW,27084,KMEW
PRECOT,2711,PRECOT
THYROCARE,17032,THYROCARE
HMAAGRO,17053,HMAAGRO
MIDCAPIETF,17152,MIDCAPIETF
PRECWIRE,2717,PRECWIRE
BUTTERFLY,2716,BUTTERFLY
JBCHEPHARM,1726,JBCHEPHARM
SAILIFE,27839,SAILIFE
SUNTECK,17641,SUNTECK
MAHEPC,17603,MAHEPC
QUESS,17704,QUESS
GILLANDERS,17839,GILLANDERS
ATL,17778,ATL
IGIL,28378,IGIL
GODREJPROP,17875,GODREJPROP
JSWENERGY,17869,JSWENERGY
BAYERCROP,17927,BAYERCROP
VENTIVE,28847,VENTIVE
TRF,17987,TRF
SBICARD,17971,SBICARD
CARRARO,28879,CARRARO
RATNAVEER,18423,RATNAVEER
NIBE,29487,NIBE
CUPID,18520,CUPID
GNA,18571,GNA
LTTS,18564,LTTS
NIF100BEES,29577,NIF100BEES
REPCOHOME,29598,REPCOHOME
JUBLCPL,29590,JUBLCPL
CARYSIL,1879,CARYSIL
SAKHTISUG,2969,SAKHTISUG
KSL,18889,KSL
NIBL,29733,NIBL
PODDARMENT,19036,PODDARMENT
JUSTDIAL,29962,JUSTDIAL
ITBEES,19084,ITBEES
UDS,19113,UDS
ROLLT,19104,ROLLT
DAVANGERE,21794,DAVANGERE
SUNDARMHLD,2183,SUNDARMHLD
NIFTYBETF,21959,NIFTYBETF
ORISSAMINE,19931,ORISSAMINE
DEEPAKNTR,19943,DEEPAKNTR
INFRABEES,20072,INFRABEES
UNIDT,201,UNIDT
ARIHANTSUP,20159,ARIHANTSUP
RAMKY,20134,RAMKY
WABAG,20188,WABAG
PRESTIGE,20302,PRESTIGE
NRAIL,20314,NRAIL
COALINDIA,20374,COALINDIA
DOLLAR,20560,DOLLAR
MCL,22360,MCL
ITIETF,22365,ITIETF
MOTISONS,20788,MOTISONS
AROGRANITE,14557,AROGRANITE
ADVANIHOTR,14745,ADVANIHOTR
081NSETEST,14767,081NSETEST
REPL,1480,REPL
GOLD1,14858,GOLD1
MOREPENLAB,2259,MOREPENLAB
PURVA,14922,PURVA
RBA,1494,RBA
POWERGRID,14977,POWERGRID
RELIGARE,15068,RELIGARE
AVALON,15058,AVALON
BLAL,15067,BLAL
BAJAJELEC,15034,BAJAJELEC
DVL,15214,DVL
MANAKSIA,15199,MANAKSIA
SMALLCAP,22832,SMALLCAP
JKIL,15266,JKIL
HERCULES,15288,HERCULES
INFY,1594,INFY
MURUDCERA,2313,MURUDCERA
MOSMALL250,23181,MOSMALL250
SILVRETF,16777,SILVRETF
QNIFTY,16819,QNIFTY
20MICRONS,16921,20MICRONS
MAWANASUG,17022,MAWANASUG
ITETFADD,17207,ITETFADD
JAYSREETEA,1720,JAYSREETEA
PAKKA,17197,PAKKA
SALONA,17351,SALONA
ASIANPAINT,236,ASIANPAINT
NV20IETF,17475,NV20IETF
AMRUTANJAN,17547,AMRUTANJAN
GROBTEA,17770,GROBTEA
REFEX,17764,REFEX
LLOYDSENGG,17801,LLOYDSENGG
BOROSCI,24014,BOROSCI
REDTAPE,17859,REDTAPE
SBFC,18026,SBFC
IVZINNIFTY,24217,IVZINNIFTY
DBL,18086,DBL
ARENTERP,181,ARENTERP
RELIABLE,24378,RELIABLE
NDGL,18371,NDGL
DIACABS,18543,DIACABS
DIAMINESQ,18644,DIAMINESQ
ICICIPRULI,18652,ICICIPRULI
SIGNATURE,18743,SIGNATURE
UNIECOM,24809,UNIECOM
IDFNIFTYET,18783,IDFNIFTYET
SENSEXETF,19224,SENSEXETF
IMFA,19235,IMFA
ITDC,19299,ITDC
ARVIND,193,ARVIND
MULTICAP,25080,MULTICAP
PREMIERENE,25049,PREMIERENE
PLAZACABLE,19458,PLAZACABLE
BAJAJCON,19531,BAJAJCON
EUREKAFORB,25162,EUREKAFORB
TRENT,1964,TRENT
SANOFICONR,25222,SANOFICONR
CELLO,19795,CELLO
LGHL,19876,LGHL
NORTHARC,25426,NORTHARC
ASHOKA,20182,ASHOKA
FEDFINA,20322,FEDFINA
CGCL,20329,CGCL
DSSL,25690,DSSL
APCL,20453,APCL
PRUDMOULI,20527,PRUDMOULI
GRAVITA,20534,GRAVITA
SEAMECLTD,2616,SEAMECLTD
PEARLPOLY,2610,PEARLPOLY
PFIZER,2643,PFIZER
POLYPLEX,2687,POLYPLEX
PRAJIND,2705,PRAJIND
NIVABUPA,27097,NIVABUPA
SURAKSHA,27334,SURAKSHA
RCF,2866,RCF
MAYURUNIQ,28906,MAYURUNIQ
UNIMECH,28960,UNIMECH
ONESOURCE,29224,ONESOURCE
MOIL,20830,MOIL
HUDCO,20825,HUDCO
MUFTI,20878,MUFTI
MCLOUD,29482,MCLOUD
NIFTYIETF,29553,NIFTYIETF
SANDESH,2988,SANDESH
SIS,21501,SIS
DIXON,21690,DIXON
MOCAPITAL,30065,MOCAPITAL
CASHIETF,30139,CASHIETF
SAURASHCEM,3018,SAURASHCEM
BHARATSE,30244,BHARATSE
TOTAL,22423,TOTAL
TRANSWORLD,3129,TRANSWORLD
NDL,31258,NDL
BLSE,22566,BLSE
HONDAPOWER,3138,HONDAPOWER
VALIANTORG,330,VALIANTORG
LODHA,3220,LODHA
SIGNPOST,22656,SIGNPOST
MOTOGENFIN,2268,MOTOGENFIN
MODISONLTD,3316,MODISONLTD
ADOR,34,ADOR
BALMLAWRIE,338,BALMLAWRIE
HONAUT,3417,HONAUT
TATAMOTORS,3456,TATAMOTORS
TATACONSUM,3432,TATACONSUM
TNTELE,3512,TNTELE
GOLDCASE,22901,GOLDCASE
UNICHEMLAB,3579,UNICHEMLAB
VESUVIUS,3676,VESUVIUS
SOLARA,3672,SOLARA
EXICOM,22947,EXICOM
VLSFINANCE,3715,VLSFINANCE
WALCHANNAG,3736,WALCHANNAG
TATACOMM,3721,TATACOMM
NATCOPHARM,3918,NATCOPHARM
IWEL,3776,IWEL
WILLAMAGOR,3772,WILLAMAGOR
PVSL,23142,PVSL
NAVA,4014,NAVA
PANACEABIO,4055,PANACEABIO
GOCLCORP,3963,GOCLCORP
SANGAMIND,4184,SANGAMIND
HDFCAMC,4244,HDFCAMC
JAYNECOIND,2331,JAYNECOIND
LIQUIDADD,23407,LIQUIDADD
PUNJABCHEM,4344,PUNJABCHEM
INDIANCARD,4422,INDIANCARD
GLOSTERLTD,23590,GLOSTERLTD
ATLASCYCLE,4568,ATLASCYCLE
JCHAC,4491,JCHAC
SONACOMS,4684,SONACOMS
SHYAMMETL,4693,SHYAMMETL
KCPSUGIND,4809,KCPSUGIND
SAREGAMA,4892,SAREGAMA
BFSI,5220,BFSI
BOMDYEING,513,BOMDYEING
EXXARO,5352,EXXARO
AAREYDRUGS,5245,AAREYDRUGS
INTLCONV,5606,INTLCONV
BSLSENETFG,5957,BSLSENETFG
CUB,5701,CUB
CENTENKA,619,CENTENKA
NIFTYETF,6353,NIFTYETF
HEALTHY,6297,HEALTHY
APOLSINHOT,6302,APOLSINHOT
SONATSOFTW,6596,SONATSOFTW
POLICYBZR,6656,POLICYBZR
IVC,6711,IVC
GANECOS,6944,GANECOS
VISHNU,6908,VISHNU
DICIND,703,DICIND
SHIVALIK,7016,SHIVALIK
JMA,7109,JMA
STARHEALTH,7083,STARHEALTH
SBIETFPB,722,SBIETFPB
HECPROJECT,7425,HECPROJECT
HAVISHA,7457,HAVISHA
TINNARUBR,756020,TINNARUBR
PRIMO,756925,PRIMO
MONARCH,7679,MONARCH
RAMCOSYS,7851,RAMCOSYS
SILVERIETF,7942,SILVERIETF
LFIC,7902,LFIC
AWL,8110,AWL
BLBLIMITED,8132,BLBLIMITED
BSHSL,809,BSHSL
MEGASTAR,8153,MEGASTAR
SOFTTECH,8266,SOFTTECH
GSEC5IETF,8342,GSEC5IETF
TVSMOTOR,8479,TVSMOTOR
MITCON,8469,MITCON
GATEWAY,8510,GATEWAY
PNBGILTS,8736,PNBGILTS
ROTO,9049,ROTO
EICHERMOT,910,EICHERMOT
EQUITASBNK,913,EQUITASBNK
ORCHPHARMA,926,ORCHPHARMA
SILVERTUC,9422,SILVERTUC
SKIPPER,9428,SKIPPER
ETHOSLTD,9750,ETHOSLTD
AETHER,9810,AETHER
EPL,981,EPL
AIRAN,9897,AIRAN
ALANKIT,9921,ALANKIT
RAILTEL,2431,RAILTEL
CONSUMBEES,2435,CONSUMBEES
DHANUKA,24409,DHANUKA
AGIIL,24445,AGIIL
OILCOUNTUB,2472,OILCOUNTUB
AKUMS,24715,AKUMS
CEIGALL,24742,CEIGALL
ONWARDTEC,2481,ONWARDTEC
ORIENTTECH,24961,ORIENTTECH
BODALCHEM,25017,BODALCHEM
RAYMONDLSL,25073,RAYMONDLSL
PANAMAPET,25392,PANAMAPET
VASWANI,25340,VASWANI
ESSARSHPNG,25634,ESSARSHPNG
METAL,25744,METAL
GARUDA,25800,GARUDA
EMULTIMQ,25996,EMULTIMQ
OCCLLTD,25918,OCCLLTD
MASTERTR,27047,MASTERTR
PRAKASH,2708,PRAKASH
TRANSRAILL,28714,TRANSRAILL
DAMCAPITAL,28662,DAMCAPITAL
SENORES,28888,SENORES
SGLTL,29075,SGLTL
RICOAUTO,2909,RICOAUTO
ITCHOTELS,29251,ITCHOTELS
VMART,29284,VMART
QPOWER,29711,QPOWER
NAZARA,2987,NAZARA
GUJTHEM,29731,GUJTHEM
SANGHIIND,2997,SANGHIIND
BSE500IETF,3001,BSE500IETF
RKDL,20950,RKDL
SUNCLAY,20956,SUNCLAY
INNOVACAP,21062,INNOVACAP
SUMMITSEC,21275,SUMMITSEC
ASHOKLEY,212,ASHOKLEY
SALASAR,21362,SALASAR
BDL,2144,BDL
HINDMOTORS,21676,HINDMOTORS
MATRIMONY,21726,MATRIMONY
BOSCHLTD,2181,BOSCHLTD
AKG,2176,AKG
BANKBETF,21986,BANKBETF
NDRAUTO,22255,NDRAUTO
ALPL30IETF,22344,ALPL30IETF
NIF5GETF,22521,NIF5GETF
HDFCPSUBK,22595,HDFCPSUBK
HEALTHADD,22592,HEALTHADD
RPTECH,22670,RPTECH
LICNMID100,22722,LICNMID100
ENTERO,22717,ENTERO
IRISDOREME,2275,IRISDOREME
LANCORHOL,23027,LANCORHOL
CPSEETF,2328,CPSEETF
SRM,23402,SRM
171NSETEST,23446,171NSETEST
INDGN,23693,INDGN
AWFIS,23864,AWFIS
MID150CASE,24077,MID150CASE
VADILALIND,24196,VADILALIND
PIIND,24184,PIIND
BANSALWIRE,24386,BANSALWIRE
EMCURE,24398,EMCURE
SBINEQWETF,24524,SBINEQWETF
CENTRUM,2454,CENTRUM
FILATEX,24532,FILATEX
BSLNIFTY,24781,BSLNIFTY
MODEFENCE,24944,MODEFENCE
WINDMACHIN,24969,WINDMACHIN
ECOSMOBLTY,25060,ECOSMOBLTY
XTGLOBAL,25235,XTGLOBAL
PNGJL,25312,PNGJL
NIRAJ,255,NIRAJ
BANKPSU,25725,BANKPSU
KRN,25643,KRN
LLOYDSENT,25807,LLOYDSENT
VINCOFE,25835,VINCOFE
GROWWGOLD,25872,GROWWGOLD
AFCONS,25977,AFCONS
IT,2627,IT
PCBL,2649,PCBL
LEMONTREE,2606,LEMONTREE
TBZ,27037,TBZ
ABINFRA,27020,ABINFRA
SAGILITY,27052,SAGILITY
LIQUIDPLUS,27075,LIQUIDPLUS
BLACKBUCK,27144,BLACKBUCK
SAMPANN,27303,SAMPANN
RALLIS,2816,RALLIS
VMM,27969,VMM
MOBIKWIK,28046,MOBIKWIK
RANEHOLDIN,2844,RANEHOLDIN
AONELIQUID,30472,AONELIQUID
CEWATER,28764,CEWATER
HITECH,2868,HITECH
BAJAJHIND,308,BAJAJHIND
LYPSAGEMS,31468,LYPSAGEMS
KITEX,28899,KITEX
ECAPINSURE,29019,ECAPINSURE
SUNDARMFIN,3339,SUNDARMFIN
DDEVPLSTIK,29098,DDEVPLSTIK
SUPREMEIND,3363,SUPREMEIND
TAINWALCHM,3396,TAINWALCHM
INDUSTOWER,29135,INDUSTOWER
RUBYMILLS,2939,RUBYMILLS
ROML,359,ROML
GROWWRAIL,29527,GROWWRAIL
KHAITANLTD,3912,KHAITANLTD
WSTCSTPAPR,3799,WSTCSTPAPR
ZEEL,3812,ZEEL
UNIONGOLD,29687,UNIONGOLD
CORALFINAC,4007,CORALFINAC
21STCENMGM,4,21STCENMGM
NIFTY100EW,29944,NIFTY100EW
011NSETEST,14747,011NSETEST
091NSETEST,14769,091NSETEST
111NSETEST,14774,111NSETEST
GULFOILLUB,4391,GULFOILLUB
JAGSNPHARM,4410,JAGSNPHARM
BHEL,438,BHEL
IFCI,1491,IFCI
RGL,15129,RGL
DELTACORP,15044,DELTACORP
BRIGADE,15184,BRIGADE
BLUEDART,495,BLUEDART
QGOLDHALF,15330,QGOLDHALF
NMDC,15332,NMDC
DHANI,15384,DHANI
EIHAHOTELS,15399,EIHAHOTELS
FMCGIETF,5306,FMCGIETF
UGROCAP,5313,UGROCAP
WINDLAS,5366,WINDLAS
IPCALAB,1633,IPCALAB
ANDHRAPAP,166,ANDHRAPAP
KIRIINDUS,16639,KIRIINDUS
SUNDROP,1663,SUNDROP
ALMONDZ,16719,ALMONDZ
GVT&D,16783,GVT&D
ATGL,6066,ATGL
ALKALI,16959,ALKALI
PARAGMILK,17130,PARAGMILK
BHAGCHEM,6164,BHAGCHEM
EXCEL,17376,EXCEL
UTKARSHBNK,17358,UTKARSHBNK
CHAMBLFERT,637,CHAMBLFERT
BANKETF,17419,BANKETF
MANORG,6422,MANORG
PREMEXPLN,17397,PREMEXPLN
DNAMEDIA,641,DNAMEDIA
OIL,17438,OIL
INCREDIBLE,17507,INCREDIBLE
BSOFT,6994,BSOFT
ASALCBR,17598,ASALCBR
SOMICONVEY,17794,SOMICONVEY
MMTC,17957,MMTC
GATECH,17888,GATECH
MBLINFRA,18029,MBLINFRA
MICEL,7169,MICEL
CONCORDBIO,18060,CONCORDBIO
MEDPLUS,7254,MEDPLUS
UDAICEMENT,7276,UDAICEMENT
JTLIND,7287,JTLIND
JIOFIN,18143,JIOFIN
DCMSRIND,7325,DCMSRIND
NIFTY50ADD,7451,NIFTY50ADD
RAJESHEXPO,7401,RAJESHEXPO
AEROFLEX,18268,AEROFLEX
TREJHARA,7518,TREJHARA
VPRPL,18341,VPRPL
SANDUMA,18359,SANDUMA
EVIETF,755881,EVIETF
RISHABH,18417,RISHABH
JLHL,18553,JLHL
EMSLIMITED,18593,EMSLIMITED
SAMHI,18614,SAMHI
ENDURANCE,18822,ENDURANCE
PNBHOUSING,18908,PNBHOUSING
KIRLOSIND,19025,KIRLOSIND
HMVL,19211,HMVL
TI,19196,TI
LIQUIDETF,1927,LIQUIDETF
BLISSGVS,19265,BLISSGVS
THEJO,19279,THEJO
DALMIASUG,781,DALMIASUG
WEL,7835,WEL
HISARMETAL,19322,HISARMETAL
ROSSARI,19410,ROSSARI
ALEMBICLTD,79,ALEMBICLTD
KSB,1949,KSB
HDFCGOLD,19543,HDFCGOLD
MUFIN,19783,MUFIN
DALBHARAT,8075,DALBHARAT
HONASA,19813,HONASA
GRWRHITECH,7982,GRWRHITECH
TASTYBITE,20092,TASTYBITE
BEDMUTHA,20196,BEDMUTHA
JWL,20224,JWL
IREDA,20261,IREDA
MIDCAP,8077,MIDCAP
IRFC,2029,IRFC
SHANKARA,20321,SHANKARA
RESPONIND,20323,RESPONIND
RAMCOCEM,2043,RAMCOCEM
BANKA,822,BANKA
MUTHOOTMF,20831,MUTHOOTMF
MAHSEAMLES,2088,MAHSEAMLES
STOVEKRAFT,2107,STOVEKRAFT
MASTEK,2124,MASTEK
GMRP&UI,8529,GMRP&UI
STEELXIND,21339,STEELXIND
LOWVOL1,8632,LOWVOL1
VRLLOG,8696,VRLLOG
LIQUIDCASE,21750,LIQUIDCASE
MEDIASSIST,21705,MEDIASSIST
SONAMLTD,8806,SONAMLTD
UMAEXPORTS,8842,UMAEXPORTS
GENCON,2188,GENCON
VERANDA,8890,VERANDA
IOB,9348,IOB
ARVINDFASN,9111,ARVINDFASN
PNCINFRA,9385,PNCINFRA
DPABHUSHAN,936,DPABHUSHAN
KPITTECH,9683,KPITTECH
PGHL,940,PGHL
SMARTLINK,9889,SMARTLINK
EUROTEXIND,999,EUROTEXIND
UTIBANKETF,22440,UTIBANKETF
EPACK,22463,EPACK
NIFITETF,22488,NIFITETF
PFS,22602,PFS
VSTL,22730,VSTL
MTNL,2294,MTNL
RKSWAMY,23043,RKSWAMY
KRYSTAL,23175,KRYSTAL
SINCLAIR,23480,SINCLAIR
AAKASH,235,AAKASH
MUTHOOTFIN,23650,MUTHOOTFIN
LIQUIDBETF,23915,LIQUIDBETF
BBNPNBETF,24117,BBNPNBETF
RETAIL,24145,RETAIL
DEEDEV,24154,DEEDEV
NOCIL,2442,NOCIL
RUSHIL,24595,RUSHIL
RELTD,24596,RELTD
GROWWEV,24798,GROWWEV
GSEC10ABSL,24847,GSEC10ABSL
LTF,24948,LTF
EBANKNIFTY,25258,EBANKNIFTY
BAJAJHFL,25270,BAJAJHFL
GROWWLIQID,25447,GROWWLIQID
SHAKTIPUMP,25574,SHAKTIPUMP
INDOUS,25503,INDOUS
MOMENTUM50,25606,MOMENTUM50
APLAPOLLO,25780,APLAPOLLO
DBEIL,25892,DBEIL
SPECIALITY,27107,SPECIALITY
EIEL,27213,EIEL
AUROPHARMA,275,AUROPHARMA
PRSMJOHNSN,2739,PRSMJOHNSN
INNOVANA,27754,INNOVANA
RSWM,2794,RSWM
RANASUG,2837,RANASUG
MAMATA,28687,MAMATA
RELIANCE,2885,RELIANCE
CONSUMER,28969,CONSUMER
TVSHLTD,29008,TVSHLTD
ZUARI,29050,ZUARI
NAVKARURB,29146,NAVKARURB
DENTA,29256,DENTA
HEXT,29666,HEXT
MSCIINDIA,29758,MSCIINDIA
ORIENTELEC,2972,ORIENTELEC
AONETOTAL,29975,AONETOTAL
WONDERLA,3002,WONDERLA
AXISTECETF,3010,AXISTECETF
AXISVALUE,30155,AXISVALUE
SBIBPB,30290,SBIBPB
SBIN,3045,SBIN
SHANTIGEAR,3078,SHANTIGEAR
BAJAJHLDNG,305,BAJAJHLDNG
COMPUSOFT,31138,COMPUSOFT
MCX,31181,MCX
SHREDIGCEM,3099,SHREDIGCEM
SIMPLEXINF,3162,SIMPLEXINF
SIEMENS,3150,SIEMENS
SHREYANIND,3126,SHREYANIND
SUNDRMFAST,3345,SUNDRMFAST
SUPERSPIN,3357,SUPERSPIN
SPMLINFRA,3321,SPMLINFRA
TFCILTD,3466,TFCILTD
AGARIND,3389,AGARIND
TORNTPHARM,3518,TORNTPHARM
TIL,3484,TIL
TATASTEEL,3499,TATASTEEL
VIPIND,3703,VIPIND
VOLTAS,3718,VOLTAS
VENKEYS,3757,VENKEYS
WHEELS,3766,WHEELS
PREMIERPOL,3908,PREMIERPOL
HATSUN,3892,HATSUN
CAPLIPOINT,3906,CAPLIPOINT
TOKYOPLAST,3837,TOKYOPLAST
BIOFILCHEM,4136,BIOFILCHEM
BEPL,419,BEPL
TNPL,3980,TNPL
BHARATGEAR,426,BHARATGEAR
DENORA,4279,DENORA
5PAISA,445,5PAISA
AARTIDRUGS,4481,AARTIDRUGS
SELECTIPO,30109,SELECTIPO
EQUAL200,30121,EQUAL200
3MINDIA,474,3MINDIA
TCIFINANCE,4771,TCIFINANCE
BANKINDIA,4745,BANKINDIA
SOTL,3021,SOTL
SPECTRUM,30455,SPECTRUM
KPIGREEN,5108,KPIGREEN
JAICORPLTD,5143,JAICORPLTD
SBIETFCON,5168,SBIETFCON
ICICIB22,522,ICICIB22
ANTGRAPHIC,5194,ANTGRAPHIC
DBSTOCKBRO,31107,DBSTOCKBRO
ASAHIINDIA,5378,ASAHIINDIA
SUDARSCHEM,3327,SUDARSCHEM
ISGEC,3329,ISGEC
SUNFLAG,3348,SUNFLAG
NUVOCO,5426,NUVOCO
BALKRISIND,335,BALKRISIND
SMLISUZU,3387,SMLISUZU
KOTHARIPRO,5528,KOTHARIPRO
THERMAX,3475,THERMAX
BALRAMCHIN,341,BALRAMCHIN
AXISBPSETF,3530,AXISBPSETF
AXISBANK,5900,AXISBANK
EIFFL,6040,EIFFL
AXISHCETF,3608,AXISHCETF
JUBLPHARMA,3637,JUBLPHARMA
MENONBE,6961,MENONBE
BBTC,380,BBTC
ACCELYA,7053,ACCELYA
MAHKTECH,7074,MAHKTECH
REMSONSIND,3965,REMSONSIND
NIACL,399,NIACL
ARIHANTCAP,3813,ARIHANTCAP
BEL,383,BEL
SETFNIFBK,7361,SETFNIFBK
BBETF0432,7196,BBETF0432
SILINV,4105,SILINV
CUBEXTUB,4064,CUBEXTUB
EIMCOELECO,4040,EIMCOELECO
MIDQ50ADD,7456,MIDQ50ADD
NRBBEARING,7553,NRBBEARING
WAAREERTL,756038,WAAREERTL
EQUAL50,757142,EQUAL50
KEEPLEARN,778,KEEPLEARN
MUKTAARTS,8687,MUKTAARTS
STERTOOLS,4299,STERTOOLS
VISAKAIND,4221,VISAKAIND
BHARATFORG,422,BHARATFORG
VCL,9020,VCL
EIDPARRY,916,EIDPARRY
BANKBARODA,4668,BANKBARODA
DODLA,4822,DODLA
GAIL,4717,GAIL
SILVERCASE,30274,SILVERCASE
ICEMAKE,489,ICEMAKE
ENGINERSIN,4907,ENGINERSIN
SHARDACROP,4992,SHARDACROP
PILITA,30835,PILITA
GRINFRA,5054,GRINFRA
INDUSINDBK,5258,INDUSINDBK
GMDCLTD,5204,GMDCLTD
STYLAMIND,5186,STYLAMIND
BPCL,526,BPCL
PDSL,5264,PDSL
SERVOTECH,5507,SERVOTECH
MOL,5394,MOL
CARTRADE,5407,CARTRADE
TATACHEM,3405,TATACHEM
VSTIND,3724,VSTIND
RELINFRA,553,RELINFRA
ANMOL,3727,ANMOL
ABMINTLLTD,5549,ABMINTLLTD
SINTERCOM,381,SINTERCOM
RITES,3761,RITES
WIPRO,3787,WIPRO
PVP,4010,PVP
BHARATRAS,3834,BHARATRAS
MASPTOP50,5782,MASPTOP50
BERGEPAINT,404,BERGEPAINT
JAYAGROGN,4041,JAYAGROGN
MARICO,4067,MARICO
CANFINHOME,583,CANFINHOME
MIRZAINT,4394,MIRZAINT
SBCL,4656,SBCL
RAMCOIND,4587,RAMCOIND
OSWALGREEN,471,OSWALGREEN
HAPPSTMNDS,48,HAPPSTMNDS
INDNIPPON,4747,INDNIPPON
LICNETFGSC,6062,LICNETFGSC
3IINFOLTD,6232,3IINFOLTD
LIQUIDIETF,4838,LIQUIDIETF
KIMS,4847,KIMS
GULPOLY,6286,GULPOLY
MADRASFERT,4911,MADRASFERT
TECH,6462,TECH
EQUAL50ADD,6606,EQUAL50ADD
MOLDTKPAC,6713,MOLDTKPAC
RPPL,6913,RPPL
TARSONS,6943,TARSONS
MAHAPEXLTD,5239,MAHAPEXLTD
HESTERBIO,7048,HESTERBIO
TEGA,7105,TEGA
DEVYANI,5373,DEVYANI
GRSE,5475,GRSE
JAIPURKURT,5516,JAIPURKURT
AMIORG,5578,AMIORG
ALPHA,7412,ALPHA
NILASPACES,7411,NILASPACES
DATAPATTNS,7358,DATAPATTNS
J&KBANK,5633,J&KBANK
PARAS,5911,PARAS
CIFL,756015,CIFL
SOUTHBANK,5948,SOUTHBANK
CARBORUNIV,595,CARBORUNIV
COASTCORP,6006,COASTCORP
ARTNIRMAN,6156,ARTNIRMAN
KRITI,6417,KRITI
CAMLINFINE,6216,CAMLINFINE
JINDALSTEL,6733,JINDALSTEL
STEELCAS,6803,STEELCAS
CIPLA,694,CIPLA
NETF,7838,NETF
GEPIL,7862,GEPIL
ANANDRATHI,7145,ANANDRATHI
MOMOMENTUM,8182,MOMOMENTUM
BYKE,7919,BYKE
SBIETFQLTY,7218,SBIETFQLTY
METROBRAND,7242,METROBRAND
SBIETFIT,740,SBIETFIT
STAR,7374,STAR
MANAKALUCO,7420,MANAKALUCO
MSUMI,8596,MSUMI
CHOICEIN,8866,CHOICEIN
USHAMART,8840,USHAMART
MON50EQUAL,756900,MON50EQUAL
NILAINFRA,9253,NILAINFRA
KRITIKA,9288,KRITIKA
CRISIL,757,CRISIL
AVANTIFEED,7936,AVANTIFEED
ZYDUSLIFE,7929,ZYDUSLIFE
SUBEXLTD,967,SUBEXLTD
TRIDENT,9685,TRIDENT
SILVER,8003,SILVER
DCMSHRIRAM,811,DCMSHRIRAM
AJANTPHARM,8124,AJANTPHARM
SPENCERS,8163,SPENCERS
PRITI,8304,PRITI
ONEPOINT,9939,ONEPOINT
BLUESTARCO,8311,BLUESTARCO
MIDCAPETF,8413,MIDCAPETF
DHAMPURSUG,857,DHAMPURSUG
CAMPUS,9362,CAMPUS
MAHESHWARI,9576,MAHESHWARI
PARADEEP,9741,PARADEEP
HAVELLS,9819,HAVELLS
AXITA,9902,AXITA
ORIENTCEM,30089,ORIENTCEM
PRABHA,30134,PRABHA
SAMMAANCAP,30125,SAMMAANCAP
SDL26BEES,3022,SDL26BEES
SCHNEIDER,31234,SCHNEIDER
ISHANCH,30249,ISHANCH
GILT5YBEES,3172,GILT5YBEES
BAJFINANCE,317,BAJFINANCE
ANGELONE,324,ANGELONE
SPIC,3252,SPIC
SURYAROSNI,3375,SURYAROSNI
SRF,3273,SRF
AJOONI,3403,AJOONI
CLSEL,3482,CLSEL
BBOX,3435,BBOX
ORBTEXP,31475,ORBTEXP
MOKSH,3586,MOKSH
SKFINDIA,3186,SKFINDIA
SREEL,31837,SREEL
VINDHYATEL,3694,VINDHYATEL
CAMS,342,CAMS
TATAELXSI,3411,TATAELXSI
MAHLOG,385,MAHLOG
MAFANG,3507,MAFANG
BANARBEADS,347,BANARBEADS
TTKPRESTIG,3546,TTKPRESTIG
GREENPLY,3987,GREENPLY
MOTHERSON,4204,MOTHERSON
KHADIM,425,KHADIM
UCAL,3570,UCAL
NAM-INDIA,357,NAM-INDIA
FINEORG,3744,FINEORG
HDFCLIFE,467,HDFCLIFE
WEIZMANIND,3748,WEIZMANIND
BATAINDIA,371,BATAINDIA
INDSWFTLAB,4870,INDSWFTLAB
FDC,4898,FDC
WENDT,4235,WENDT
HINDCON,4920,HINDCON
IPL,4934,IPL
CREDITACC,4421,CREDITACC
NEXT50IETF,4529,NEXT50IETF
ALKYLAMINE,4487,ALKYLAMINE
DYNAMATECH,4525,DYNAMATECH
RUCHINFRA,4566,RUCHINFRA
HERITGFOOD,4598,HERITGFOOD
SKMEGGPROD,4732,SKMEGGPROD
INDRAMEDCO,4751,INDRAMEDCO
BIRLACABLE,477,BIRLACABLE
CONCOR,4749,CONCOR
PRITIKAUTO,5292,PRITIKAUTO
DCMFINSERV,4775,DCMFINSERV
EPIGRAL,5382,EPIGRAL
GANESHBE,5614,GANESHBE
SHANTI,5650,SHANTI
AXISCETF,5732,AXISCETF
BANKNIFTY1,5851,BANKNIFTY1
ABSLAMC,6018,ABSLAMC
SGIL,5114,SGIL
MAZDOCK,509,MAZDOCK
UTIAMC,527,UTIAMC
SIKKO,6218,SIKKO
APTUS,5435,APTUS
BRITANNIA,547,BRITANNIA
YUKEN,5501,YUKEN
FOCUS,6836,FOCUS
LINC,6951,LINC
ARCHIES,5688,ARCHIES
AARTIIND,7,AARTIIND
LIKHITHA,578,LIKHITHA
SEJALLTD,7091,SEJALLTD
SHALBY,714,SHALBY
RATEGAIN,7177,RATEGAIN
ABSLNN50ET,7339,ABSLNN50ET
COSMOFIRST,742,COSMOFIRST
HPAL,7376,HPAL
MONQ50,7422,MONQ50
FCL,6198,FCL
MEDICAMEQ,6278,MEDICAMEQ
ABREL,625,ABREL
CONSUMIETF,6446,CONSUMIETF
NYKAA,6545,NYKAA
GREENLAM,6848,GREENLAM
LATENTVIEW,6818,LATENTVIEW
MHLXMIRU,7886,MHLXMIRU
RPSGVENT,8119,RPSGVENT
HEUBACHIND,715,HEUBACHIND
ZODIAC,7129,ZODIAC
SHRIRAMPPS,7200,SHRIRAMPPS
JETFREIGHT,7211,JETFREIGHT
MAPMYINDIA,7227,MAPMYINDIA
SUPRIYA,7390,SUPRIYA
COROMANDEL,739,COROMANDEL
MID150BEES,8506,MID150BEES
TNIDETF,8882,TNIDETF
PRIVISCL,8825,PRIVISCL
UMIYA-MRO,8998,UMIYA-MRO
ELDEHSG,8953,ELDEHSG
AGROPHOS,9046,AGROPHOS
TPLPLASTEH,9219,TPLPLASTEH
INDOAMIN,9116,INDOAMIN
ELECTCAST,928,ELECTCAST
ELGIEQUIP,937,ELGIEQUIP
RVNL,9552,RVNL
SAKAR,9539,SAKAR
SHREERAMA,7627,SHREERAMA
DELHIVERY,9599,DELHIVERY
EMUDHRA,9756,EMUDHRA
IMAGICAA,7672,IMAGICAA
AUTOBEES,7880,AUTOBEES
NV20BEES,9847,NV20BEES
MALLCOM,7965,MALLCOM
CINEVISTA,8024,CINEVISTA
DCM,805,DCM
SHIVATEX,804,SHIVATEX
MAHLIFE,8050,MAHLIFE
CROWN,8083,CROWN
KTKBANK,8054,KTKBANK
DEVIT,8146,DEVIT
MANYAVAR,8167,MANYAVAR
SAGARDEEP,8175,SAGARDEEP
FIBERWEB,8159,FIBERWEB
INDOBORAX,8614,INDOBORAX
RITCO,8944,RITCO
UTISXN50,9168,UTISXN50
STARTECK,9305,STARTECK
HARIOMPIPE,8968,HARIOMPIPE
RAINBOW,9408,RAINBOW
MSTCLTD,9356,MSTCLTD
ESABINDIA,955,ESABINDIA
GOLDTECH,9874,GOLDTECH
NEOGEN,9917,NEOGEN
VIKASLIFE,9931,VIKASLIFE
MOLOWVOL,8654,MOLOWVOL
GAEL,8828,GAEL
UFO,9039,UFO
KHAICHEM,896,KHAICHEM
ANUP,9014,ANUP
BALAJITELE,9158,BALAJITELE
STLTECH,9309,STLTECH
ESCORTS,958,ESCORTS
LICI,9480,LICI
HIKAL,9668,HIKAL
RELCHEMQ,9652,RELCHEMQ
METROPOLIS,9581,METROPOLIS
GOLD360,30105,GOLD360
KOHINOOR,3009,KOHINOOR
JINDALSAW,3024,JINDALSAW
NIF100IETF,30392,NIF100IETF
ESSENTIA,30323,ESSENTIA
MID150,30469,MID150
SCI,3048,SCI
VEDL,3063,VEDL
INDOSTAR,3088,INDOSTAR
SHREECEM,3103,SHREECEM
BARBEQUE,3127,BARBEQUE
TIINDIA,312,TIINDIA
NBCC,31415,NBCC
JTEKTINDIA,3237,JTEKTINDIA
STARPAPER,3291,STARPAPER
DEEPINDS,3292,DEEPINDS
SUNPHARMA,3351,SUNPHARMA
SUBROS,3324,SUBROS
TIRUMALCHM,3496,TIRUMALCHM
TATAPOWER,3426,TATAPOWER
SWARAJENG,3384,SWARAJENG
ADANIGREEN,3563,ADANIGREEN
TNPETRO,3509,TNPETRO
HEALTHIETF,3626,HEALTHIETF
UNIVCABLES,3607,UNIVCABLES
BASF,368,BASF
VARDMNPOLY,3646,VARDMNPOLY
VARROC,3857,VARROC
ZUARIIND,3827,ZUARIIND
PARASPETRO,3972,PARASPETRO
BEML,395,BEML
HBSL,4116,HBSL
REGENCERAM,4130,REGENCERAM
SUNDRMBRAK,4179,SUNDRMBRAK
SOMATEX,4201,SOMATEX
SHRIRAMFIN,4306,SHRIRAMFIN
IFGLEXPOR,436,IFGLEXPOR
SIGIND,4522,SIGIND
BIRLACORPN,480,BIRLACORPN
SNOWMAN,4843,SNOWMAN
ICICIBANK,4963,ICICIBANK
PHARMABEES,4973,PHARMABEES
IRCON,4986,IRCON
ETERNAL,5097,ETERNAL
CLEAN,5049,CLEAN
CIGNITITEC,5142,CIGNITITEC
TATVA,5162,TATVA
BPL,530,BPL
TRIGYN,5428,TRIGYN
KRSNAA,5359,KRSNAA
NGIL,5401,NGIL
AAVAS,5385,AAVAS
ASTRAZEN,5610,ASTRAZEN
CYIENT,5748,CYIENT
LAGNAM,5865,LAGNAM
GRAPHITE,592,GRAPHITE
INTELLECT,5926,INTELLECT
MONTECARLO,5938,MONTECARLO
DTIL,6227,DTIL
CCHHL,6385,CCHHL
LAXMICOT,6568,LAXMICOT
FOODSIN,6673,FOODSIN
FINOPB,6579,FINOPB
SIGACHI,6663,SIGACHI
EXIDEIND,676,EXIDEIND
SBC,6792,SBC
CHOLAFIN,685,CHOLAFIN
BAJAJHCARE,6863,BAJAJHCARE
DMCC,6973,DMCC
GOCOLORS,6964,GOCOLORS
ASIANENE,7030,ASIANENE
SETFNN50,7353,SETFNN50
GLENMARK,7406,GLENMARK
WOCKPHARMA,7506,WOCKPHARMA
GROWWMOM50,756086,GROWWMOM50
UNITEDPOLY,7560,UNITEDPOLY
ATHERENERG,757645,ATHERENERG
DABUR,772,DABUR
AUTOIETF,7844,AUTOIETF
MAKEINDIA,7979,MAKEINDIA
DEEPAKFERT,827,DEEPAKFERT
SHAILY,8727,SHAILY
OBCL,8797,OBCL
AVROIND,8827,AVROIND
TTML,8954,TTML
PIXTRANS,9087,PIXTRANS
TAJGVK,9354,TAJGVK
KHANDSE,9641,KHANDSE
SOUTHWEST,9678,SOUTHWEST
CHEVIOT,9879,CHEVIOT
ABFRL,30108,ABFRL
SESHAPAPER,3066,SESHAPAPER
RHIM,31163,RHIM
BORORENEW,3149,BORORENEW
JPOLYINVST,31507,JPOLYINVST
THOMASCOOK,3481,THOMASCOOK
BANARISUG,350,BANARISUG
TITAN,3506,TITAN
SOMANYCERA,3880,SOMANYCERA
ZODIACLOTH,3821,ZODIACLOTH
AEGISLOG,40,AEGISLOG
AUSOMENT,4037,AUSOMENT
SENSEXIETF,4378,SENSEXIETF
MPHASIS,4503,MPHASIS
KOTHARIPET,4594,KOTHARIPET
GANGAFORGE,4957,GANGAFORGE
ADROITINFO,4953,ADROITINFO
ROLEXRINGS,5279,ROLEXRINGS
ALIVUS,5265,ALIVUS
CHEMPLASTS,5449,CHEMPLASTS
ITDCEM,5622,ITDCEM
VIJAYA,5585,VIJAYA
SANSERA,5751,SANSERA
AIROLAM,6068,AIROLAM
GOODLUCK,6125,GOODLUCK
CESC,628,CESC
NATIONALUM,6364,NATIONALUM
IGARASHI,634,IGARASHI
LAMBODHARA,6407,LAMBODHARA
TECHNOE,6445,TECHNOE
GENUSPAPER,6600,GENUSPAPER
GRPLTD,6543,GRPLTD
SJS,6643,SJS
NIPPOBATRY,6782,NIPPOBATRY
SAPPHIRE,6718,SAPPHIRE
PAYTM,6705,PAYTM
SMLT,6843,SMLT
ICDSLTD,6977,ICDSLTD
HEMIPROP,701,HEMIPROP
SHRADHA,708,SHRADHA
HCLTECH,7229,HCLTECH
ZENTEC,7508,ZENTEC
SILVER360,756150,SILVER360
NPST,756324,NPST
MONEXT50,757167,MONEXT50
CMSINFO,7603,CMSINFO
CGPOWER,760,CGPOWER
BCONCEPTS,7780,BCONCEPTS
INOXWIND,7852,INOXWIND
SILVERBEES,8080,SILVERBEES
DCW,817,DCW
CHALET,8546,CHALET
NLCINDIA,8585,NLCINDIA
VETO,8652,VETO
DRREDDY,881,DRREDDY
E2E,8937,E2E
TIPSMUSIC,9117,TIPSMUSIC
EIHOTEL,919,EIHOTEL
CREATIVEYE,9384,CREATIVEYE
PRUDENT,9553,PRUDENT
POLYCAB,9590,POLYCAB
VENUSPIPES,9592,VENUSPIPES
MEDICO,9667,MEDICO
SPLPETRO,9617,SPLPETRO
